{"name":"2a4eb552-60ed-4edf-b84b-bb51b9fcb8bc","id":"/providers/Microsoft.Flow/flows/2a4eb552-60ed-4edf-b84b-bb51b9fcb8bc","type":"Microsoft.Flow/flows","properties":{"apiId":"/providers/Microsoft.PowerApps/apis/shared_logicflows","displayName":"DSAR email processing","definition":{"metadata":{"workflowEntityId":null,"processAdvisorMetadata":null,"flowclientsuspensionreason":"None","flowclientsuspensiontime":null,"flowclientsuspensionreasondetails":null,"creator":{"id":"b64727cf-2e20-48d4-8912-b38c1460d2bb","type":"User","tenantId":"1b3fa659-0d44-43ce-b941-eb8c2d7e044d"},"provisioningMethod":"FromDefinition","failureAlertSubscription":true,"clientLastModifiedTime":"2022-10-27T20:49:38.6883118Z"},"$schema":"https://schema.management.azure.com/providers/Microsoft.Logic/schemas/2016-06-01/workflowdefinition.json#","contentVersion":"1.0.0.0","parameters":{"$connections":{"defaultValue":{},"type":"Object"},"$authentication":{"defaultValue":{},"type":"SecureObject"}},"triggers":{"When_a_new_email_arrives_in_a_shared_mailbox_(V2)":{"recurrence":{"frequency":"Minute","interval":1},"splitOn":"@triggerOutputs()?['body/value']","metadata":{"operationMetadataId":"86b6dd3f-0604-492c-87a8-2f508d4ceeac"},"type":"OpenApiConnection","inputs":{"host":{"apiId":"/providers/Microsoft.PowerApps/apis/shared_office365","connectionName":"shared_office365","operationId":"SharedMailboxOnNewEmailV2"},"parameters":{"mailboxAddress":"DPL@loungers.co;","folderId":"Inbox","importance":"Any","hasAttachments":false,"includeAttachments":false},"authentication":"@parameters('$authentication')"},"conditions":[{"expression":"@or(contains(triggerOutputs()?['body/subject'], 'Loungers deletion request'),contains(triggerOutputs()?['body/subject'], 'Loungers data erasure request'))"}],"description":"@or(contains(triggerOutputs()?['body/subject'], 'Loungers deletion request'),contains(triggerOutputs()?['body/subject'], 'Loungers data erasure request'))","runtimeConfiguration":{"concurrency":{"runs":1}}}},"actions":{"Condition":{"actions":{"Condition_3":{"actions":{"Process_Email":{"actions":{"Get_emails_(V3)":{"runAfter":{},"metadata":{"operationMetadataId":"055e8de1-235d-4909-9508-997a4d615ee6"},"type":"OpenApiConnection","inputs":{"host":{"apiId":"/providers/Microsoft.PowerApps/apis/shared_office365","connectionName":"shared_office365","operationId":"GetEmailsV3"},"parameters":{"folderPath":"@json(triggerOutputs()?['body/body'])['folder']","from":"@json(triggerOutputs()?['body/body'])['from']","fetchOnlyUnread":false,"mailboxAddress":"DPL@loungers.co;","includeAttachments":true,"searchQuery":"from:@{json(triggerOutputs()?['body/body'])['from']}","top":10,"importance":"Any","fetchOnlyWithAttachment":false},"authentication":"@parameters('$authentication')"},"description":"Find closely matching emails"},"Filter_array":{"runAfter":{"Get_emails_(V3)":["Succeeded"]},"metadata":{"operationMetadataId":"bab17659-1df7-43b8-8448-2626d253d59d"},"type":"Query","inputs":{"from":"@outputs('Get_emails_(V3)')?['body/value']","where":"@equals(item()?['internetMessageId'], json(triggerOutputs()?['body/body'])['internetMessageID'])"},"description":"Match the email array against the Internet Message ID"},"Parse_Email_JSON":{"runAfter":{"Filter_array":["Succeeded"]},"metadata":{"operationMetadataId":"ff4c4993-39a1-4b4e-a31a-fb4846454381"},"type":"ParseJson","inputs":{"content":"@first(body('Filter_array'))","schema":{"type":"object","properties":{"id":{"type":"string"},"receivedDateTime":{"type":"string"},"hasAttachments":{"type":"boolean"},"internetMessageId":{"type":"string"},"subject":{"type":"string"},"bodyPreview":{"type":"string"},"importance":{"type":"string"},"conversationId":{"type":"string"},"isRead":{"type":"boolean"},"isHtml":{"type":"boolean"},"from":{"type":"string"},"toRecipients":{"type":"string"},"attachments":{"type":"array","items":{"type":"object","properties":{"@@odata.type":{"type":"string"},"id":{"type":"string"},"lastModifiedDateTime":{"type":"string"},"name":{"type":"string"},"contentType":{"type":"string"},"size":{"type":"integer"},"isInline":{"type":"boolean"},"contentId":{"type":"string"},"contentBytes":{"type":"string"}},"required":["@@odata.type","id","lastModifiedDateTime","name","contentType","size","isInline","contentId","contentBytes"]}},"body":{"type":"string"}}}},"description":"Parse the Output of the Filter"},"Delete_email_(V2)":{"runAfter":{"Parse_Email_JSON":["Succeeded"]},"metadata":{"operationMetadataId":"3c812881-2bd8-4d22-9198-20f199899933"},"type":"OpenApiConnection","inputs":{"host":{"apiId":"/providers/Microsoft.PowerApps/apis/shared_office365","connectionName":"shared_office365","operationId":"DeleteEmail_V2"},"parameters":{"messageId":"@variables('EmailMsgID')","mailboxAddress":"DPL@loungers.co;"},"authentication":"@parameters('$authentication')"},"description":"Delete the email that triggered the flow"},"SetVariables":{"actions":{"SetName":{"runAfter":{},"metadata":{"operationMetadataId":"b2f4e3a9-dd74-4dde-96f3-22ab01d995f4"},"type":"SetVariable","inputs":{"name":"name","value":"@{split(body('Parse_Email_JSON')?['from'], '@')[0]}"},"description":"split(body('Parse_Email_JSON')?['from'], '@')[0]"},"SetContext":{"runAfter":{"SetName":["Succeeded"]},"metadata":{"operationMetadataId":"e4d710bf-1784-4681-bce7-318bcb5535be"},"type":"SetVariable","inputs":{"name":"context","value":"Manual Deletion Request"}},"SetMsgID":{"runAfter":{"SetContext":["Succeeded"]},"metadata":{"operationMetadataId":"2ddf36ee-f9e1-409e-9d5a-b7551b5b0b3d"},"type":"SetVariable","inputs":{"name":"EmailMsgID","value":"@body('Parse_Email_JSON')?['id']"}},"SetFromEmail":{"runAfter":{"SetMsgID":["Succeeded"]},"metadata":{"operationMetadataId":"26250fde-00eb-48da-b8bb-69bf6272f97d"},"type":"SetVariable","inputs":{"name":"fromEmail","value":"@body('Parse_Email_JSON')?['from']"}},"SetReqRecDate":{"runAfter":{"SetFromEmail":["Succeeded"]},"metadata":{"operationMetadataId":"81d1f4e5-b0e8-43ba-957f-d3942b18e375"},"type":"SetVariable","inputs":{"name":"ReqRecDate","value":"@body('Parse_Email_JSON')?['receivedDateTime']"}},"SetEmailSubject":{"runAfter":{"CompEmailSubject":["Succeeded"]},"metadata":{"operationMetadataId":"e8502538-8da1-46e2-ae34-3ea671c8b41c"},"type":"SetVariable","inputs":{"name":"EmailSubject","value":"@{outputs('CompEmailSubject')}"},"description":"if(empty(variables('EmailSubject')),'Manual Entry - DSAR Deletion Request', variables('EmailSubject'))"},"CompEmailSubject":{"runAfter":{"SetReqRecDate":["Succeeded"]},"metadata":{"operationMetadataId":"58a35ed9-3abe-409d-98ec-d466b5af0eb6"},"type":"Compose","inputs":"@body('Parse_Email_JSON')?['subject']","description":"if(empty(body('Parse_Email_JSON')?['subject']),'Manual Entry - DSAR Deletion Request', body('Parse_Email_JSON')?['subject'])"}},"runAfter":{"Delete_email_(V2)":["Succeeded"]},"metadata":{"operationMetadataId":"1b4fc74f-0d4b-4756-bd22-5e4529a0d808"},"type":"Scope"},"Terminate_2":{"runAfter":{"SetVariables":["Failed","TimedOut","Skipped"]},"metadata":{"operationMetadataId":"bf063159-98ba-44b0-b97d-c7f23188032c"},"type":"Terminate","inputs":{"runStatus":"Cancelled"}}},"runAfter":{},"metadata":{"operationMetadataId":"17250443-eee8-437a-9fe9-a3902f1f03fa"},"type":"Scope","description":"Finds the message that was selected and Parses"}},"runAfter":{},"else":{"actions":{"Terminate":{"runAfter":{},"metadata":{"operationMetadataId":"c09aa85b-2838-4309-8e28-6c441bafe2c1"},"type":"Terminate","inputs":{"runStatus":"Cancelled"}}}},"expression":{"equals":["@triggerOutputs()?['body/subject']","Loungers data erasure request - mn"]},"metadata":{"operationMetadataId":"922238b5-6097-4c1d-9053-6e3a3c78a4c1"},"type":"If"}},"runAfter":{"emailbody":["Succeeded"]},"else":{"actions":{"Condition_2":{"actions":{"Convert_email_HTML_to_Text":{"runAfter":{},"metadata":{"operationMetadataId":"5b87a233-ebde-40c2-abcf-12e44df6674f"},"type":"OpenApiConnection","inputs":{"host":{"apiId":"/providers/Microsoft.PowerApps/apis/shared_conversionservice","connectionName":"shared_conversionservice","operationId":"HtmlToText"},"parameters":{"Content":"<p>@{triggerOutputs()?['body/body']}</p>"},"authentication":"@parameters('$authentication')"}},"Set_variable":{"runAfter":{"Convert_email_HTML_to_Text":["Succeeded"]},"metadata":{"operationMetadataId":"51e5376f-0142-4412-bafb-a619e8f073cb"},"type":"SetVariable","inputs":{"name":"emailbody","value":"@body('Convert_email_HTML_to_Text')"}},"Splitting_email_into_array":{"runAfter":{"Set_variable":["Succeeded"]},"metadata":{"operationMetadataId":"9e00ea12-7382-455c-ad78-06b6767bd924"},"type":"Compose","inputs":"@split(trim(uriComponentToString(replace(uriComponent(outputs('Convert_email_HTML_to_Text')?['body']),'%0A','~~'))),'~~')"},"Removing_empty_lines_from_array":{"runAfter":{"Splitting_email_into_array":["Succeeded"]},"metadata":{"operationMetadataId":"a820ea6c-c429-4013-b891-b686efee0112"},"type":"Query","inputs":{"from":"@outputs('Splitting_email_into_array')","where":"@not(equals(item(), ''))"}},"Get_Name:":{"runAfter":{"Removing_empty_lines_from_array":["Succeeded"]},"metadata":{"operationMetadataId":"b40d5444-3c1e-49d5-9d90-828e7c3a776e"},"type":"Query","inputs":{"from":"@body('Removing_empty_lines_from_array')","where":"@startsWith(item(), '• Name:')"},"description":"starts with =  * Name:"},"NameA2Text":{"runAfter":{"Get_Name:":["Succeeded"]},"metadata":{"operationMetadataId":"80c636ea-ce2d-40b6-8439-dc6e5dff2891"},"type":"Compose","inputs":"@join(body('Get_Name:'), ' ')"},"ReqName":{"runAfter":{"NameA2Text":["Succeeded"]},"metadata":{"operationMetadataId":"d9122d70-d587-4e6c-8b60-e3ebbb000352"},"type":"Compose","inputs":"@last(split(outputs('NameA2Text'),': '))"},"Set_variable_3":{"runAfter":{"ReqName":["Succeeded"]},"metadata":{"operationMetadataId":"92c7c19d-44cb-4a0a-86dd-73351ee0c70a"},"type":"SetVariable","inputs":{"name":"name","value":"@{outputs('ReqName')}"}},"Get_Context":{"runAfter":{"Set_variable_3":["Succeeded"]},"metadata":{"operationMetadataId":"26ad82e8-9481-4a4e-bde2-66a29f4f4d52"},"type":"Query","inputs":{"from":"@body('Removing_empty_lines_from_array')","where":"@startsWith(item(), 'Context:')"}},"ContextA2Text":{"runAfter":{"Get_Context":["Succeeded"]},"metadata":{"operationMetadataId":"e2692531-d777-4cc6-8402-fc5caabeb274"},"type":"Compose","inputs":"@join(body('Get_Context'), ' ')"},"ReqContext":{"runAfter":{"ContextA2Text":["Succeeded"]},"metadata":{"operationMetadataId":"49e84265-b5f4-4466-b401-144af0493a8a"},"type":"Compose","inputs":"@last(split(outputs('ContextA2Text'),': '))"},"SetContextVar":{"runAfter":{"ReqContext":["Succeeded"]},"metadata":{"operationMetadataId":"0bf0ae29-ece9-429d-a52b-e907cc8a2ea4"},"type":"SetVariable","inputs":{"name":"context","value":"@{outputs('ReqContext')}"}}},"runAfter":{},"else":{"actions":{"Set_variable_2":{"runAfter":{},"metadata":{"operationMetadataId":"59d7c7be-8c3b-4b39-a9ad-55f9a02d1f87"},"type":"SetVariable","inputs":{"name":"emailbody","value":"@triggerOutputs()?['body/body']"}},"Splitting_email_into_array_2":{"runAfter":{"Set_variable_2":["Succeeded"]},"metadata":{"operationMetadataId":"9e00ea12-7382-455c-ad78-06b6767bd924"},"type":"Compose","inputs":"@split(trim(uriComponentToString(replace(uriComponent(variables('emailbody')),'%0A','~~'))),'~~')"},"Removing_empty_lines_from_array_2":{"runAfter":{"Splitting_email_into_array_2":["Succeeded"]},"metadata":{"operationMetadataId":"a820ea6c-c429-4013-b891-b686efee0112"},"type":"Query","inputs":{"from":"@outputs('Splitting_email_into_array_2')","where":"@not(equals(item(), ''))"}},"Get_Name:_2":{"runAfter":{"Removing_empty_lines_from_array_2":["Succeeded"]},"metadata":{"operationMetadataId":"b40d5444-3c1e-49d5-9d90-828e7c3a776e"},"type":"Query","inputs":{"from":"@body('Removing_empty_lines_from_array_2')","where":"@startsWith(item(), 'Name:')"},"description":"starts with =  * Name:"},"NameA2Text_2":{"runAfter":{"Get_Name:_2":["Succeeded"]},"metadata":{"operationMetadataId":"80c636ea-ce2d-40b6-8439-dc6e5dff2891"},"type":"Compose","inputs":"@join(body('Get_Name:_2'), ' ')"},"ReqName_2":{"runAfter":{"NameA2Text_2":["Succeeded"]},"metadata":{"operationMetadataId":"d9122d70-d587-4e6c-8b60-e3ebbb000352"},"type":"Compose","inputs":"@last(split(outputs('NameA2Text_2'), ': '))"},"Set_variable_4":{"runAfter":{"ReqName_2":["Succeeded"]},"metadata":{"operationMetadataId":"a772c3d7-0fc5-41b8-ac99-d1372b207f6e"},"type":"SetVariable","inputs":{"name":"name","value":"@{outputs('ReqName_2')}"}}}},"expression":{"equals":["@triggerOutputs()?['body/isHtml']","@true"]},"metadata":{"operationMetadataId":"913fe542-ebfc-4a21-80a1-8f88e23f9079"},"type":"If","description":"check if it is an HTML or plain text email "},"Compose":{"runAfter":{"Condition_2":["Succeeded"]},"metadata":{"operationMetadataId":"e27aeda9-8398-4dd4-aea3-5a1f9cc11508"},"type":"Compose","inputs":"@{outputs('ReqName')}@{variables('CRLF')}@{variables('CRLF')}@{outputs('ReqContext')}"}}},"expression":{"or":[{"contains":["@triggerOutputs()?['body/from']","loungers.co"]},{"contains":["@triggerOutputs()?['body/from']","cosyclub.co.uk"]},{"contains":["@triggerOutputs()?['body/subject']","RE:"]},{"contains":["@triggerOutputs()?['body/subject']","FW:"]},{"contains":["@triggerOutputs()?['body/subject']","Fwd:"]}]},"metadata":{"operationMetadataId":"d0f3e5c8-dad2-4906-b76a-2ee21e50fc0f"},"type":"If","description":"check it's not an internal email or a reply "},"emailbody":{"runAfter":{"name":["Succeeded"]},"metadata":{"operationMetadataId":"e4f2a4db-e4d1-49fe-af59-93889797d22b"},"type":"InitializeVariable","inputs":{"variables":[{"name":"emailbody","type":"string"}]}},"Initialize_variable":{"runAfter":{"InzContext":["Succeeded"]},"metadata":{"operationMetadataId":"a3d50876-4efb-40a6-9f2d-010ab30f6dc6"},"type":"InitializeVariable","inputs":{"variables":[{"name":"CRLF","type":"string","value":"\n"}]}},"name":{"runAfter":{"Initialize_variable":["Succeeded"]},"metadata":{"operationMetadataId":"526e2917-cbd2-4e8e-a4cb-e31dc44e5e4f"},"type":"InitializeVariable","inputs":{"variables":[{"name":"name","type":"string"}]}},"Flag_email_(V2)":{"runAfter":{"Create_item":["Succeeded"]},"metadata":{"operationMetadataId":"5ca5cda8-53ec-417b-ae7b-5cdfa65957ce"},"type":"OpenApiConnection","inputs":{"host":{"apiId":"/providers/Microsoft.PowerApps/apis/shared_office365","connectionName":"shared_office365_1","operationId":"Flag_V2"},"parameters":{"messageId":"@variables('EmailMsgID')","mailboxAddress":"DPL@loungers.co;","body/flag/flagStatus":"flagged"},"authentication":"@parameters('$authentication')"}},"update_zonal_DSAR_template":{"actions":{"Add_a_row_into_a_table":{"runAfter":{"List_rows_present_in_a_table":["Succeeded"]},"metadata":{"01RSLNXHSFWK2CPQGW6FFKYOQY73P4Z7FC":"/General/zonal/ZonalDSRA-form.xlsx","operationMetadataId":"dba04122-d1a7-44d9-9ee1-ed1a864ebb64","tableId":"{9EB4535C-3210-457A-90DB-E6EE3998F85B}"},"type":"OpenApiConnection","inputs":{"host":{"apiId":"/providers/Microsoft.PowerApps/apis/shared_excelonlinebusiness","connectionName":"shared_excelonlinebusiness","operationId":"AddRowV2"},"parameters":{"source":"groups/a748d31c-1b7a-4c66-9fd7-4ffd9c8cb136","drive":"b!pVG1TnZIs0SFb77NN0bIbYJmtNoOKl9AmXsvQHfYtv737zebk1vnR5l4E__IunML","file":"01RSLNXHSFWK2CPQGW6FFKYOQY73P4Z7FC","table":"{9EB4535C-3210-457A-90DB-E6EE3998F85B}","item/Ref":"@add(int(last(outputs('List_rows_present_in_a_table')?['body/value'])?['Ref']),1)","item/Email Address~1 Identifier":"@{variables('name')} - @{variables('fromEmail')}","item/Relevant Product~1System":"LiveRes","item/Request":"Erasure"},"authentication":"@parameters('$authentication')"},"description":"add(int(last(outputs('List_rows_present_in_a_table')?['body/value'])?['NFACTURA']),1)"},"List_rows_present_in_a_table":{"runAfter":{},"metadata":{"01RSLNXHSFWK2CPQGW6FFKYOQY73P4Z7FC":"/General/zonal/ZonalDSRA-form.xlsx","operationMetadataId":"e98b7c1a-21f0-4f00-b74e-370cb04e4aa6","tableId":"{9EB4535C-3210-457A-90DB-E6EE3998F85B}"},"type":"OpenApiConnection","inputs":{"host":{"apiId":"/providers/Microsoft.PowerApps/apis/shared_excelonlinebusiness","connectionName":"shared_excelonlinebusiness","operationId":"GetItems"},"parameters":{"source":"groups/a748d31c-1b7a-4c66-9fd7-4ffd9c8cb136","drive":"b!pVG1TnZIs0SFb77NN0bIbYJmtNoOKl9AmXsvQHfYtv737zebk1vnR5l4E__IunML","file":"01RSLNXHSFWK2CPQGW6FFKYOQY73P4Z7FC","table":"{9EB4535C-3210-457A-90DB-E6EE3998F85B}"},"authentication":"@parameters('$authentication')"}}},"runAfter":{"Flag_email_(V2)":["Succeeded"]},"metadata":{"operationMetadataId":"21b9c44e-d93d-4d06-9d4b-529fe3ad1336"},"type":"Scope"},"Add_a_record_to_the_Individual_Rights_Requests_Log":{"actions":{"List_rows_present_IRRLog":{"runAfter":{},"metadata":{"01RSLNXHSFWK2CPQGW6FFKYOQY73P4Z7FC":"/General/zonal/ZonalDSRA-form.xlsx","operationMetadataId":"e98b7c1a-21f0-4f00-b74e-370cb04e4aa6","tableId":"{6D39962E-FE7B-4E00-80C3-1D8FE09E1B69}","01RSLNXHV6CDND7VEQUJCLYJFE4WVZBM6B":"/General/DSAR/Individual Rights requests log 2022 v1.xlsx"},"type":"OpenApiConnection","inputs":{"host":{"apiId":"/providers/Microsoft.PowerApps/apis/shared_excelonlinebusiness","connectionName":"shared_excelonlinebusiness","operationId":"GetItems"},"parameters":{"source":"groups/a748d31c-1b7a-4c66-9fd7-4ffd9c8cb136","drive":"b!pVG1TnZIs0SFb77NN0bIbYJmtNoOKl9AmXsvQHfYtv737zebk1vnR5l4E__IunML","file":"01RSLNXHV6CDND7VEQUJCLYJFE4WVZBM6B","table":"{6D39962E-FE7B-4E00-80C3-1D8FE09E1B69}"},"authentication":"@parameters('$authentication')"}},"Add_a_row_into_a_table_2":{"runAfter":{"List_rows_present_IRRLog":["Succeeded"]},"metadata":{"01RSLNXHV6CDND7VEQUJCLYJFE4WVZBM6B":"/General/DSAR/Individual Rights requests log 2022 v1.xlsx","operationMetadataId":"21384438-47e5-4c25-b100-b35774c9b238","tableId":"{6D39962E-FE7B-4E00-80C3-1D8FE09E1B69}"},"type":"OpenApiConnection","inputs":{"host":{"apiId":"/providers/Microsoft.PowerApps/apis/shared_excelonlinebusiness","connectionName":"shared_excelonlinebusiness","operationId":"AddRowV2"},"parameters":{"source":"groups/a748d31c-1b7a-4c66-9fd7-4ffd9c8cb136","drive":"b!pVG1TnZIs0SFb77NN0bIbYJmtNoOKl9AmXsvQHfYtv737zebk1vnR5l4E__IunML","file":"01RSLNXHV6CDND7VEQUJCLYJFE4WVZBM6B","table":"{6D39962E-FE7B-4E00-80C3-1D8FE09E1B69}","item/No_x002e_":"@add(int(last(outputs('List_rows_present_IRRLog')?['body/value'])?['No_x002e_']),1)","item/Requestor ID or Name":"@{variables('name')} - @{variables('fromEmail')}","item/Date request received":"@convertTimeZone(variables('ReqRecDate'),'UTC','GMT Standard Time', 'yyyy-MM-dd')","item/Request direct from Data Subject? ":"yes","item/ID check required? ":"no","item/Date requested ID ":"na","item/Date ID received":"na","item/Reason for Erasure (if known)":"Requested by sender","item/Time Limit expiry date (30 days)":"@string(formatDateTime(addDays(utcnow(),30),'MM/dd/yyyy'))","item/Third party data holders":"zonal","item/Request status":"Processing","item/Additonal infromation  e_x002e_g_x002e_ data retention schedule, privacy notice included?":"@variables('EmailMsgID')"},"authentication":"@parameters('$authentication')"}}},"runAfter":{"update_zonal_DSAR_template":["Succeeded"]},"metadata":{"operationMetadataId":"9f42231f-b862-4100-b9ad-df56dc5503e9"},"type":"Scope"},"Post_message_in_a_chat_or_channel":{"runAfter":{"Update_item":["Succeeded"]},"metadata":{"operationMetadataId":"46095ef8-deee-4067-adbc-698d6d71dc8d"},"type":"OpenApiConnection","inputs":{"host":{"apiId":"/providers/Microsoft.PowerApps/apis/shared_teams","connectionName":"shared_teams","operationId":"PostMessageToConversation"},"parameters":{"poster":"Flow bot","location":"Chat with Flow bot","body/recipient":"Lee@loungers.co;","body/messageBody":"<p><a href=\"@{outputs('Create_item')?['body/{Link}']}\">New DSAR added for @{variables('name')}</a>,<br>\n<br>\nzonal ref : @{outputs('Add_a_row_into_a_table')?['body/Ref']}<br>\nIRR Log ref : @{outputs('Add_a_row_into_a_table_2')?['body/No_x002e_']}<br>\n<a href=\"https://loungers365.sharepoint.com/sites/ITLedgends/Lists/SARMine?env=WebViewList\">SAR List</a></p>"},"authentication":"@parameters('$authentication')"}},"Move_email_(V2)":{"runAfter":{"Post_message_in_a_chat_or_channel":["Succeeded"]},"metadata":{"Id::AAMkAGIzMzM0NGQ2LTJiYWUtNDlkZC1iNmNhLWQzMGJhOWY5OWQ3NgAuAAAAAADxHALAXzbHQbRGGJ4yPOSAAQBnoD9GeLK7R5pHYo3DyswYAAEQFobHAAA=":"Processing","operationMetadataId":"9e659354-e092-4429-9108-2c91d2618d1e"},"type":"OpenApiConnection","inputs":{"host":{"apiId":"/providers/Microsoft.PowerApps/apis/shared_office365","connectionName":"shared_office365_1","operationId":"MoveV2"},"parameters":{"messageId":"@variables('EmailMsgID')","folderPath":"Id::AAMkAGIzMzM0NGQ2LTJiYWUtNDlkZC1iNmNhLWQzMGJhOWY5OWQ3NgAuAAAAAADxHALAXzbHQbRGGJ4yPOSAAQBnoD9GeLK7R5pHYo3DyswYAAEQFobHAAA=","mailboxAddress":"DPL@loungers.co;"},"authentication":"@parameters('$authentication')"}},"Create_item":{"runAfter":{"Condition":["Succeeded"]},"metadata":{"operationMetadataId":"12c7aace-91af-4670-a99c-ecaa67cdedde"},"type":"OpenApiConnection","inputs":{"host":{"apiId":"/providers/Microsoft.PowerApps/apis/shared_sharepointonline","connectionName":"shared_sharepointonline","operationId":"PostItem"},"parameters":{"dataset":"https://loungers365.sharepoint.com/sites/ITLedgends","table":"2231b186-847e-44c6-89fd-791d69d799cc","item/Title":"@variables('name')","item/Email":"@variables('fromEmail')","item/emailSubject":"@variables('EmailSubject')","item/DueDate":"@string(formatDateTime(addDays(utcnow(),30),'MM/dd/yyyy'))","item/Responded":false,"item/msgID":"@variables('EmailMsgID')","item/ZonalRef":0,"item/IRRLogRef":0,"item/Context":"@if(empty(variables('context')),null,variables('context'))"},"authentication":"@parameters('$authentication')"}},"Update_item":{"runAfter":{"Add_a_record_to_the_Individual_Rights_Requests_Log":["Succeeded"]},"metadata":{"operationMetadataId":"a8693963-459f-4119-bc5b-a02fe8f56112"},"type":"OpenApiConnection","inputs":{"host":{"apiId":"/providers/Microsoft.PowerApps/apis/shared_sharepointonline","connectionName":"shared_sharepointonline","operationId":"PatchItem"},"parameters":{"dataset":"https://loungers365.sharepoint.com/sites/ITLedgends","table":"2231b186-847e-44c6-89fd-791d69d799cc","id":"@outputs('Create_item')?['body/ID']","item/Title":"@variables('name')","item/Email":"@variables('fromEmail')","item/ZonalRef":"@outputs('Add_a_row_into_a_table')?['body/Ref']","item/IRRLogRef":"@outputs('Add_a_row_into_a_table_2')?['body/No_x002e_']"},"authentication":"@parameters('$authentication')"}},"Initialize_variable_2":{"runAfter":{},"metadata":{"operationMetadataId":"2ba86b56-46bb-4c6b-a816-3682cd3f5567"},"type":"InitializeVariable","inputs":{"variables":[{"name":"trigger","type":"boolean","value":"@or(not(contains(triggerOutputs()?['body/subject'], 'RE:')),not(contains(triggerOutputs()?['body/subject'], 'FW:')))"}]}},"InzFromEmail":{"runAfter":{"InzEmailSubject":["Succeeded"]},"metadata":{"operationMetadataId":"22e833a7-a69c-44f9-b1ea-3212fc5aff09"},"type":"InitializeVariable","inputs":{"variables":[{"name":"fromEmail","type":"string","value":"@triggerOutputs()?['body/from']"}]}},"InzReqRecDate":{"runAfter":{"InzFromEmail":["Succeeded"]},"metadata":{"operationMetadataId":"47b84ec7-5118-491f-a1bc-5ebeff760357"},"type":"InitializeVariable","inputs":{"variables":[{"name":"ReqRecDate","type":"string","value":"@triggerOutputs()?['body/receivedDateTime']"}]}},"InzContext":{"runAfter":{"InzReqRecDate":["Succeeded"]},"metadata":{"operationMetadataId":"df34558b-d0c7-4338-8a72-a1bcc7bb6797"},"type":"InitializeVariable","inputs":{"variables":[{"name":"context","type":"string"}]}},"InzEmailMsgID":{"runAfter":{"Initialize_variable_2":["Succeeded"]},"metadata":{"operationMetadataId":"4218bda9-28e4-4694-ba13-2f7fffe460ca"},"type":"InitializeVariable","inputs":{"variables":[{"name":"EmailMsgID","type":"string","value":"@triggerOutputs()?['body/id']"}]}},"InzEmailSubject":{"runAfter":{"InzEmailMsgID":["Succeeded"]},"metadata":{"operationMetadataId":"3318659a-93bd-410b-b3b8-663ada6ba6a8"},"type":"InitializeVariable","inputs":{"variables":[{"name":"EmailSubject","type":"string","value":"@triggerOutputs()?['body/subject']"}]}}},"outputs":{},"description":"email to dpl\ncreate a card in SP list\nFlag email to show processes\nAdd name to zonal erasure list"},"connectionReferences":{"shared_office365":{"connectionName":"shared-office365-e2aa33e6-8624-4546-9318-22209f67aeee","source":"Embedded","id":"/providers/Microsoft.PowerApps/apis/shared_office365","tier":"NotSpecified"},"shared_conversionservice":{"connectionName":"shared-conversionser-0c18942a-c9ca-4e4a-ba96-e3ab4b31fdd2","source":"Embedded","id":"/providers/Microsoft.PowerApps/apis/shared_conversionservice","tier":"NotSpecified"},"shared_office365_1":{"connectionName":"shared-office365-1e768839-1eb3-4dd2-861e-fc3afc2d34de","source":"Embedded","id":"/providers/Microsoft.PowerApps/apis/shared_office365","tier":"NotSpecified"},"shared_excelonlinebusiness":{"connectionName":"shared-excelonlinebu-6a919ec6-97e0-4c3c-9d27-518112bea289","source":"Embedded","id":"/providers/Microsoft.PowerApps/apis/shared_excelonlinebusiness","tier":"NotSpecified"},"shared_teams":{"connectionName":"shared-teams-71832c35-65ec-4dc5-aa59-ab65-7263fc19","source":"Embedded","id":"/providers/Microsoft.PowerApps/apis/shared_teams","tier":"NotSpecified"},"shared_sharepointonline":{"connectionName":"shared-sharepointonl-23d71968-fe24-4b9f-926c-9cbe-315b6fb8","source":"Embedded","id":"/providers/Microsoft.PowerApps/apis/shared_sharepointonline","tier":"NotSpecified"}},"flowFailureAlertSubscribed":false,"isManaged":false}}